bid,zone_id
0,DRAFT_Z37
1,DRAFT_Z37
2,DRAFT_Z37
3,DRAFT_Z37
4,DRAFT_Z37
5,DRAFT_Z37
6,DRAFT_Z37
7,DRAFT_Z37
8,DRAFT_Z37
9,DRAFT_Z37
10,DRAFT_Z37
11,DRAFT_Z37
12,DRAFT_Z38
13,DRAFT_Z38
14,DRAFT_Z38
15,DRAFT_Z38
16,DRAFT_Z38
17,DRAFT_Z38
18,DRAFT_Z38
19,DRAFT_Z38
20,DRAFT_Z38
21,DRAFT_Z38
22,DRAFT_Z38
23,DRAFT_Z37
24,DRAFT_Z37
25,DRAFT_Z37
26,DRAFT_Z37
27,DRAFT_Z37
28,DRAFT_Z37
29,DRAFT_Z37
30,DRAFT_Z37
31,DRAFT_Z37
32,DRAFT_Z37
33,DRAFT_Z38
34,DRAFT_Z37
35,DRAFT_Z37
36,DRAFT_Z37
37,DRAFT_Z37
38,DRAFT_Z37
39,DRAFT_Z33
40,DRAFT_Z33
41,DRAFT_Z33
42,DRAFT_Z33
43,DRAFT_Z37
44,DRAFT_Z37
45,DRAFT_Z37
46,DRAFT_Z37
47,DRAFT_Z37
48,DRAFT_Z37
49,DRAFT_Z37
50,DRAFT_Z37
51,DRAFT_Z37
52,DRAFT_Z37
53,DRAFT_Z31
54,DRAFT_Z36
55,DRAFT_Z31
56,DRAFT_Z31
57,DRAFT_Z31
58,DRAFT_Z31
59,DRAFT_Z31
60,DRAFT_Z38
61,DRAFT_Z38
62,DRAFT_Z38
63,DRAFT_Z38
64,DRAFT_Z38
65,DRAFT_Z38
66,DRAFT_Z38
67,DRAFT_Z38
68,DRAFT_Z38
69,DRAFT_Z38
70,DRAFT_Z38
71,DRAFT_Z38
72,DRAFT_Z38
73,DRAFT_Z38
74,DRAFT_Z38
75,DRAFT_Z38
76,DRAFT_Z38
77,DRAFT_Z38
78,DRAFT_Z38
79,DRAFT_Z38
80,DRAFT_Z38
81,DRAFT_Z38
82,DRAFT_Z34
83,DRAFT_Z34
84,DRAFT_Z38
85,DRAFT_Z38
86,DRAFT_Z38
87,DRAFT_Z38
88,DRAFT_Z38
89,DRAFT_Z38
90,DRAFT_Z38
91,DRAFT_Z38
92,DRAFT_Z38
93,DRAFT_Z38
94,DRAFT_Z38
95,DRAFT_Z38
96,DRAFT_Z38
97,DRAFT_Z38
98,DRAFT_Z38
99,DRAFT_Z34
100,DRAFT_Z34
101,DRAFT_Z34
102,DRAFT_Z34
103,DRAFT_Z34
104,DRAFT_Z34
105,DRAFT_Z34
106,DRAFT_Z34
107,DRAFT_Z34
108,DRAFT_Z34
109,DRAFT_Z34
110,DRAFT_Z34
111,DRAFT_Z34
112,DRAFT_Z34
113,DRAFT_Z34
114,DRAFT_Z38
115,DRAFT_Z34
116,DRAFT_Z34
117,DRAFT_Z34
118,DRAFT_Z34
119,DRAFT_Z34
120,DRAFT_Z34
121,DRAFT_Z33
122,DRAFT_Z34
123,DRAFT_Z34
124,DRAFT_Z34
125,DRAFT_Z34
126,DRAFT_Z34
127,DRAFT_Z34
128,DRAFT_Z34
129,DRAFT_Z34
130,DRAFT_Z34
131,DRAFT_Z34
132,DRAFT_Z34
133,DRAFT_Z34
134,DRAFT_Z37
135,DRAFT_Z33
136,DRAFT_Z37
137,DRAFT_Z33
138,DRAFT_Z33
139,DRAFT_Z33
140,DRAFT_Z33
141,DRAFT_Z33
142,DRAFT_Z33
143,DRAFT_Z33
144,DRAFT_Z33
145,DRAFT_Z37
146,DRAFT_Z37
147,DRAFT_Z33
148,DRAFT_Z37
149,DRAFT_Z33
150,DRAFT_Z33
151,DRAFT_Z33
152,DRAFT_Z33
153,DRAFT_Z33
154,DRAFT_Z33
155,DRAFT_Z33
156,DRAFT_Z33
157,DRAFT_Z33
158,DRAFT_Z33
159,DRAFT_Z33
160,DRAFT_Z33
161,DRAFT_Z33
162,DRAFT_Z33
163,DRAFT_Z33
164,DRAFT_Z33
165,DRAFT_Z33
166,DRAFT_Z33
167,DRAFT_Z33
168,DRAFT_Z33
169,DRAFT_Z33
170,DRAFT_Z33
171,DRAFT_Z33
172,DRAFT_Z33
173,DRAFT_Z33
174,DRAFT_Z33
175,DRAFT_Z33
176,DRAFT_Z33
177,DRAFT_Z33
178,DRAFT_Z33
179,DRAFT_Z33
180,DRAFT_Z33
181,DRAFT_Z33
182,DRAFT_Z33
183,DRAFT_Z33
184,DRAFT_Z33
185,DRAFT_Z33
186,DRAFT_Z33
187,DRAFT_Z33
188,DRAFT_Z33
189,DRAFT_Z33
190,DRAFT_Z33
191,DRAFT_Z33
192,DRAFT_Z33
193,DRAFT_Z33
194,DRAFT_Z33
195,DRAFT_Z33
196,DRAFT_Z33
197,DRAFT_Z33
198,DRAFT_Z33
199,DRAFT_Z33
200,DRAFT_Z33
201,DRAFT_Z33
202,DRAFT_Z33
203,DRAFT_Z33
204,DRAFT_Z33
205,DRAFT_Z33
206,DRAFT_Z33
207,DRAFT_Z33
208,DRAFT_Z33
209,DRAFT_Z33
210,DRAFT_Z33
211,DRAFT_Z33
212,DRAFT_Z33
213,DRAFT_Z33
214,DRAFT_Z33
215,DRAFT_Z33
216,DRAFT_Z33
217,DRAFT_Z33
218,DRAFT_Z33
219,DRAFT_Z33
220,DRAFT_Z33
221,DRAFT_Z33
222,DRAFT_Z33
223,DRAFT_Z33
224,DRAFT_Z34
225,DRAFT_Z34
226,DRAFT_Z34
227,DRAFT_Z34
228,DRAFT_Z34
229,DRAFT_Z33
230,DRAFT_Z33
231,
232,DRAFT_Z26
233,DRAFT_Z26
234,DRAFT_Z31
235,DRAFT_Z31
236,DRAFT_Z31
237,DRAFT_Z31
238,DRAFT_Z31
239,DRAFT_Z31
240,DRAFT_Z31
241,DRAFT_Z31
242,DRAFT_Z31
243,DRAFT_Z31
244,DRAFT_Z31
245,DRAFT_Z31
246,DRAFT_Z31
247,DRAFT_Z31
248,DRAFT_Z31
249,DRAFT_Z31
250,DRAFT_Z31
251,DRAFT_Z31
252,DRAFT_Z31
253,DRAFT_Z31
254,DRAFT_Z31
255,DRAFT_Z31
256,DRAFT_Z31
257,DRAFT_Z31
258,DRAFT_Z31
259,DRAFT_Z31
260,DRAFT_Z31
261,DRAFT_Z31
262,DRAFT_Z31
263,DRAFT_Z31
264,DRAFT_Z31
265,DRAFT_Z31
266,DRAFT_Z31
267,DRAFT_Z31
268,DRAFT_Z31
269,DRAFT_Z31
270,DRAFT_Z31
271,DRAFT_Z31
272,DRAFT_Z31
273,DRAFT_Z31
274,DRAFT_Z31
275,DRAFT_Z31
276,DRAFT_Z31
277,DRAFT_Z31
278,DRAFT_Z31
279,DRAFT_Z31
280,DRAFT_Z31
281,DRAFT_Z31
282,DRAFT_Z31
283,DRAFT_Z31
284,DRAFT_Z31
285,DRAFT_Z31
286,DRAFT_Z31
287,DRAFT_Z31
288,DRAFT_Z31
289,DRAFT_Z31
290,DRAFT_Z31
291,DRAFT_Z31
292,DRAFT_Z31
293,DRAFT_Z31
294,DRAFT_Z31
295,DRAFT_Z31
296,DRAFT_Z31
297,DRAFT_Z31
298,DRAFT_Z31
299,DRAFT_Z31
300,DRAFT_Z31
301,DRAFT_Z31
302,DRAFT_Z31
303,DRAFT_Z31
304,DRAFT_Z31
305,DRAFT_Z31
306,DRAFT_Z31
307,DRAFT_Z31
308,DRAFT_Z31
309,DRAFT_Z31
310,DRAFT_Z31
311,DRAFT_Z31
312,DRAFT_Z31
313,DRAFT_Z31
314,DRAFT_Z31
315,DRAFT_Z31
316,DRAFT_Z31
317,DRAFT_Z31
318,DRAFT_Z31
319,DRAFT_Z31
320,DRAFT_Z31
321,DRAFT_Z31
322,DRAFT_Z31
323,DRAFT_Z31
324,DRAFT_Z31
325,DRAFT_Z31
326,DRAFT_Z31
327,DRAFT_Z31
328,DRAFT_Z31
329,DRAFT_Z31
330,DRAFT_Z31
331,DRAFT_Z34
332,DRAFT_Z34
333,DRAFT_Z34
334,DRAFT_Z34
335,DRAFT_Z34
336,DRAFT_Z34
337,DRAFT_Z29
338,DRAFT_Z29
339,DRAFT_Z29
340,DRAFT_Z29
341,DRAFT_Z26
342,DRAFT_Z26
343,DRAFT_Z26
344,DRAFT_Z29
345,DRAFT_Z26
346,DRAFT_Z26
347,DRAFT_Z26
348,DRAFT_Z26
349,DRAFT_Z26
350,DRAFT_Z26
351,DRAFT_Z31
352,DRAFT_Z31
353,DRAFT_Z31
354,DRAFT_Z31
355,DRAFT_Z31
356,DRAFT_Z31
357,DRAFT_Z20
358,DRAFT_Z20
359,DRAFT_Z20
360,DRAFT_Z20
361,DRAFT_Z26
362,DRAFT_Z26
363,DRAFT_Z26
364,DRAFT_Z21
365,DRAFT_Z21
366,DRAFT_Z21
367,DRAFT_Z13
368,
369,DRAFT_Z21
370,DRAFT_Z13
371,DRAFT_Z20
372,DRAFT_Z31
373,DRAFT_Z20
374,DRAFT_Z20
375,DRAFT_Z20
376,DRAFT_Z20
377,DRAFT_Z20
378,DRAFT_Z20
379,DRAFT_Z31
380,DRAFT_Z31
381,DRAFT_Z20
382,DRAFT_Z20
383,DRAFT_Z20
384,DRAFT_Z20
385,DRAFT_Z20
386,DRAFT_Z20
387,DRAFT_Z20
388,DRAFT_Z20
389,DRAFT_Z13
390,
391,DRAFT_Z20
392,DRAFT_Z20
393,DRAFT_Z31
394,DRAFT_Z20
395,DRAFT_Z31
396,DRAFT_Z20
397,DRAFT_Z31
398,DRAFT_Z20
399,DRAFT_Z20
400,DRAFT_Z20
401,DRAFT_Z31
402,DRAFT_Z20
403,DRAFT_Z31
404,DRAFT_Z16
405,DRAFT_Z16
406,DRAFT_Z16
407,DRAFT_Z31
408,DRAFT_Z16
409,DRAFT_Z16
410,DRAFT_Z16
411,DRAFT_Z20
412,DRAFT_Z20
413,DRAFT_Z20
414,DRAFT_Z20
415,DRAFT_Z13
416,DRAFT_Z16
417,DRAFT_Z13
418,DRAFT_Z16
419,DRAFT_Z16
420,DRAFT_Z16
421,DRAFT_Z33
422,DRAFT_Z33
423,DRAFT_Z33
424,DRAFT_Z33
425,DRAFT_Z33
426,DRAFT_Z33
427,DRAFT_Z33
428,DRAFT_Z33
429,
430,
431,DRAFT_Z33
432,DRAFT_Z33
433,DRAFT_Z33
434,DRAFT_Z33
435,DRAFT_Z33
436,DRAFT_Z33
437,DRAFT_Z33
438,DRAFT_Z33
439,DRAFT_Z33
440,DRAFT_Z33
441,DRAFT_Z33
442,DRAFT_Z33
443,DRAFT_Z33
444,DRAFT_Z33
445,DRAFT_Z27
446,DRAFT_Z26
447,DRAFT_Z26
448,DRAFT_Z26
449,DRAFT_Z26
450,DRAFT_Z27
451,DRAFT_Z27
452,DRAFT_Z27
453,DRAFT_Z24
454,DRAFT_Z24
455,DRAFT_Z24
456,DRAFT_Z24
457,DRAFT_Z27
458,DRAFT_Z27
459,DRAFT_Z27
460,DRAFT_Z27
461,DRAFT_Z26
462,DRAFT_Z26
463,DRAFT_Z27
464,DRAFT_Z27
465,DRAFT_Z26
466,DRAFT_Z26
467,DRAFT_Z27
468,DRAFT_Z26
469,DRAFT_Z26
470,DRAFT_Z26
471,DRAFT_Z27
472,DRAFT_Z24
473,DRAFT_Z24
474,DRAFT_Z24
475,DRAFT_Z24
476,DRAFT_Z24
477,DRAFT_Z24
478,DRAFT_Z24
479,DRAFT_Z27
480,DRAFT_Z27
481,DRAFT_Z26
482,DRAFT_Z26
483,DRAFT_Z26
484,DRAFT_Z26
485,DRAFT_Z26
486,
487,DRAFT_Z26
488,DRAFT_Z26
489,DRAFT_Z26
490,DRAFT_Z26
491,DRAFT_Z24
492,DRAFT_Z27
493,DRAFT_Z24
494,DRAFT_Z27
495,DRAFT_Z24
496,DRAFT_Z27
497,DRAFT_Z24
498,DRAFT_Z24
499,DRAFT_Z24
500,DRAFT_Z24
501,DRAFT_Z26
502,DRAFT_Z17
503,DRAFT_Z17
504,DRAFT_Z17
505,DRAFT_Z17
506,DRAFT_Z10
507,DRAFT_Z10
508,DRAFT_Z10
509,DRAFT_Z10
510,DRAFT_Z10
511,DRAFT_Z10
512,DRAFT_Z17
513,DRAFT_Z10
514,DRAFT_Z10
515,DRAFT_Z10
516,DRAFT_Z10
517,DRAFT_Z10
518,DRAFT_Z10
519,DRAFT_Z10
520,DRAFT_Z10
521,DRAFT_Z31
522,DRAFT_Z31
523,DRAFT_Z31
524,DRAFT_Z31
525,DRAFT_Z31
526,DRAFT_Z31
527,DRAFT_Z31
528,DRAFT_Z31
529,DRAFT_Z31
530,DRAFT_Z31
531,DRAFT_Z13
532,DRAFT_Z13
533,DRAFT_Z13
534,DRAFT_Z13
535,DRAFT_Z13
536,DRAFT_Z17
537,DRAFT_Z13
538,DRAFT_Z13
539,DRAFT_Z13
540,DRAFT_Z13
541,DRAFT_Z16
542,DRAFT_Z16
543,DRAFT_Z13
544,DRAFT_Z13
545,DRAFT_Z16
546,DRAFT_Z12
547,DRAFT_Z13
548,DRAFT_Z13
549,DRAFT_Z13
550,DRAFT_Z16
551,DRAFT_Z16
552,DRAFT_Z16
553,DRAFT_Z16
554,DRAFT_Z16
555,DRAFT_Z16
556,DRAFT_Z16
557,DRAFT_Z16
558,DRAFT_Z16
559,DRAFT_Z16
560,DRAFT_Z16
561,DRAFT_Z13
562,DRAFT_Z12
563,DRAFT_Z12
564,DRAFT_Z12
565,DRAFT_Z12
566,DRAFT_Z13
567,DRAFT_Z12
568,DRAFT_Z16
569,DRAFT_Z13
570,DRAFT_Z16
571,DRAFT_Z16
572,DRAFT_Z16
573,DRAFT_Z13
574,DRAFT_Z13
575,DRAFT_Z13
576,DRAFT_Z13
577,DRAFT_Z13
578,DRAFT_Z13
579,DRAFT_Z13
580,DRAFT_Z13
581,DRAFT_Z13
582,DRAFT_Z13
583,DRAFT_Z12
584,DRAFT_Z12
585,DRAFT_Z16
586,DRAFT_Z12
587,DRAFT_Z12
588,DRAFT_Z12
589,DRAFT_Z12
590,DRAFT_Z12
591,DRAFT_Z12
592,DRAFT_Z13
593,DRAFT_Z13
594,DRAFT_Z13
595,DRAFT_Z13
596,DRAFT_Z13
597,DRAFT_Z13
598,DRAFT_Z13
599,DRAFT_Z13
600,DRAFT_Z13
601,DRAFT_Z13
602,DRAFT_Z37
603,DRAFT_Z37
604,DRAFT_Z35
605,DRAFT_Z35
606,DRAFT_Z37
607,DRAFT_Z37
608,DRAFT_Z37
609,DRAFT_Z37
610,DRAFT_Z35
611,DRAFT_Z35
612,DRAFT_Z35
613,DRAFT_Z35
614,DRAFT_Z35
615,DRAFT_Z35
616,DRAFT_Z35
617,DRAFT_Z35
618,DRAFT_Z35
619,DRAFT_Z35
620,DRAFT_Z32
621,DRAFT_Z30
622,DRAFT_Z30
623,DRAFT_Z30
624,DRAFT_Z30
625,DRAFT_Z30
626,DRAFT_Z30
627,DRAFT_Z30
628,DRAFT_Z30
629,DRAFT_Z30
630,DRAFT_Z30
631,DRAFT_Z32
632,DRAFT_Z30
633,DRAFT_Z32
634,DRAFT_Z32
635,DRAFT_Z32
636,DRAFT_Z30
637,DRAFT_Z32
638,DRAFT_Z32
639,DRAFT_Z30
640,DRAFT_Z30
641,DRAFT_Z30
642,DRAFT_Z30
643,DRAFT_Z30
644,DRAFT_Z30
645,DRAFT_Z30
646,DRAFT_Z30
647,DRAFT_Z30
648,DRAFT_Z30
649,DRAFT_Z35
650,DRAFT_Z35
651,DRAFT_Z35
652,DRAFT_Z35
653,DRAFT_Z35
654,DRAFT_Z35
655,DRAFT_Z35
656,DRAFT_Z37
657,DRAFT_Z37
658,DRAFT_Z35
659,DRAFT_Z32
660,DRAFT_Z32
661,DRAFT_Z32
662,DRAFT_Z32
663,DRAFT_Z32
664,DRAFT_Z32
665,DRAFT_Z35
666,DRAFT_Z35
667,DRAFT_Z35
668,DRAFT_Z32
669,DRAFT_Z32
670,
671,DRAFT_Z32
672,DRAFT_Z32
673,DRAFT_Z32
674,DRAFT_Z32
675,DRAFT_Z35
676,DRAFT_Z35
677,DRAFT_Z35
678,
679,
680,DRAFT_Z35
681,DRAFT_Z32
682,DRAFT_Z32
683,DRAFT_Z30
684,DRAFT_Z32
685,DRAFT_Z32
686,DRAFT_Z32
687,DRAFT_Z32
688,DRAFT_Z32
689,DRAFT_Z32
690,DRAFT_Z32
691,DRAFT_Z32
692,DRAFT_Z32
693,DRAFT_Z32
694,DRAFT_Z32
695,DRAFT_Z32
696,DRAFT_Z32
697,DRAFT_Z32
698,DRAFT_Z32
699,DRAFT_Z32
700,DRAFT_Z32
701,DRAFT_Z32
702,DRAFT_Z32
703,DRAFT_Z32
704,DRAFT_Z32
705,DRAFT_Z32
706,DRAFT_Z32
707,DRAFT_Z32
708,DRAFT_Z32
709,DRAFT_Z32
710,DRAFT_Z32
711,DRAFT_Z32
712,DRAFT_Z32
713,DRAFT_Z32
714,DRAFT_Z32
715,DRAFT_Z32
716,DRAFT_Z32
717,DRAFT_Z32
718,DRAFT_Z32
719,DRAFT_Z32
720,DRAFT_Z32
721,DRAFT_Z32
722,DRAFT_Z32
723,DRAFT_Z32
724,DRAFT_Z32
725,DRAFT_Z32
726,DRAFT_Z30
727,DRAFT_Z30
728,DRAFT_Z30
729,DRAFT_Z30
730,DRAFT_Z30
731,DRAFT_Z30
732,DRAFT_Z30
733,DRAFT_Z30
734,DRAFT_Z30
735,DRAFT_Z32
736,DRAFT_Z32
737,DRAFT_Z32
738,DRAFT_Z32
739,DRAFT_Z32
740,DRAFT_Z32
741,DRAFT_Z32
742,DRAFT_Z32
743,DRAFT_Z32
744,DRAFT_Z32
745,DRAFT_Z28
746,DRAFT_Z28
747,DRAFT_Z28
748,DRAFT_Z28
749,DRAFT_Z28
750,DRAFT_Z28
751,DRAFT_Z28
752,DRAFT_Z28
753,DRAFT_Z22
754,DRAFT_Z22
755,DRAFT_Z22
756,DRAFT_Z22
757,DRAFT_Z22
758,DRAFT_Z22
759,DRAFT_Z22
760,DRAFT_Z22
761,DRAFT_Z22
762,DRAFT_Z22
763,DRAFT_Z22
764,DRAFT_Z22
765,DRAFT_Z22
766,DRAFT_Z22
767,DRAFT_Z30
768,DRAFT_Z30
769,DRAFT_Z30
770,DRAFT_Z30
771,DRAFT_Z30
772,DRAFT_Z30
773,DRAFT_Z30
774,DRAFT_Z30
775,DRAFT_Z30
776,DRAFT_Z30
777,DRAFT_Z30
778,DRAFT_Z30
779,DRAFT_Z30
780,DRAFT_Z30
781,DRAFT_Z30
782,DRAFT_Z28
783,DRAFT_Z30
784,DRAFT_Z30
785,DRAFT_Z30
786,DRAFT_Z30
787,DRAFT_Z30
788,DRAFT_Z30
789,DRAFT_Z30
790,DRAFT_Z30
791,DRAFT_Z30
792,DRAFT_Z30
793,DRAFT_Z30
794,DRAFT_Z30
795,DRAFT_Z30
796,DRAFT_Z30
797,DRAFT_Z28
798,DRAFT_Z28
799,DRAFT_Z28
800,DRAFT_Z28
801,DRAFT_Z28
802,DRAFT_Z28
803,DRAFT_Z28
804,DRAFT_Z28
805,DRAFT_Z22
806,DRAFT_Z28
807,DRAFT_Z30
808,DRAFT_Z30
809,DRAFT_Z30
810,DRAFT_Z30
811,DRAFT_Z30
812,DRAFT_Z30
813,DRAFT_Z30
814,DRAFT_Z30
815,DRAFT_Z23
816,DRAFT_Z15
817,DRAFT_Z30
818,DRAFT_Z30
819,DRAFT_Z30
820,DRAFT_Z30
821,DRAFT_Z30
822,DRAFT_Z30
823,DRAFT_Z30
824,DRAFT_Z23
825,DRAFT_Z15
826,DRAFT_Z15
827,DRAFT_Z28
828,DRAFT_Z22
829,DRAFT_Z28
830,DRAFT_Z28
831,DRAFT_Z28
832,DRAFT_Z28
833,
834,DRAFT_Z28
835,DRAFT_Z19
836,DRAFT_Z22
837,DRAFT_Z30
838,DRAFT_Z30
839,DRAFT_Z30
840,DRAFT_Z30
841,DRAFT_Z30
842,DRAFT_Z30
843,DRAFT_Z30
844,DRAFT_Z19
845,DRAFT_Z19
846,DRAFT_Z19
847,DRAFT_Z15
848,DRAFT_Z11
849,DRAFT_Z11
850,DRAFT_Z15
851,DRAFT_Z19
852,DRAFT_Z19
853,DRAFT_Z11
854,DRAFT_Z19
855,DRAFT_Z19
856,DRAFT_Z19
857,DRAFT_Z15
858,DRAFT_Z15
859,DRAFT_Z15
860,DRAFT_Z15
861,DRAFT_Z15
862,DRAFT_Z15
863,DRAFT_Z15
864,DRAFT_Z15
865,DRAFT_Z15
866,DRAFT_Z15
867,DRAFT_Z32
868,DRAFT_Z32
869,DRAFT_Z32
870,DRAFT_Z32
871,DRAFT_Z32
872,DRAFT_Z32
873,DRAFT_Z32
874,DRAFT_Z32
875,DRAFT_Z32
876,DRAFT_Z32
877,DRAFT_Z32
878,DRAFT_Z32
879,DRAFT_Z32
880,DRAFT_Z32
881,DRAFT_Z32
882,DRAFT_Z25
883,DRAFT_Z25
884,DRAFT_Z25
885,DRAFT_Z25
886,DRAFT_Z25
887,DRAFT_Z25
888,DRAFT_Z25
889,DRAFT_Z25
890,DRAFT_Z25
891,DRAFT_Z25
892,DRAFT_Z25
893,DRAFT_Z25
894,DRAFT_Z25
895,DRAFT_Z25
896,DRAFT_Z25
897,DRAFT_Z24
898,DRAFT_Z24
899,DRAFT_Z24
900,DRAFT_Z25
901,DRAFT_Z25
902,DRAFT_Z25
903,DRAFT_Z18
904,DRAFT_Z18
905,DRAFT_Z18
906,DRAFT_Z18
907,DRAFT_Z25
908,DRAFT_Z25
909,DRAFT_Z25
910,DRAFT_Z15
911,DRAFT_Z25
912,DRAFT_Z15
913,DRAFT_Z18
914,
915,DRAFT_Z18
916,DRAFT_Z18
917,DRAFT_Z25
918,DRAFT_Z25
919,
920,DRAFT_Z18
921,DRAFT_Z18
922,DRAFT_Z18
923,DRAFT_Z18
924,DRAFT_Z18
925,DRAFT_Z18
926,DRAFT_Z18
927,DRAFT_Z18
928,DRAFT_Z18
929,DRAFT_Z18
930,DRAFT_Z18
931,DRAFT_Z18
932,DRAFT_Z18
933,DRAFT_Z18
934,DRAFT_Z18
935,DRAFT_Z18
936,DRAFT_Z18
937,DRAFT_Z15
938,DRAFT_Z15
939,DRAFT_Z15
940,DRAFT_Z15
941,DRAFT_Z15
942,DRAFT_Z15
943,DRAFT_Z15
944,DRAFT_Z15
945,DRAFT_Z15
946,DRAFT_Z15
947,DRAFT_Z18
948,DRAFT_Z18
949,DRAFT_Z18
950,DRAFT_Z18
951,DRAFT_Z18
952,DRAFT_Z18
953,DRAFT_Z18
954,DRAFT_Z18
955,DRAFT_Z18
956,DRAFT_Z18
957,DRAFT_Z18
958,DRAFT_Z18
959,DRAFT_Z18
960,DRAFT_Z18
961,DRAFT_Z18
962,DRAFT_Z18
963,DRAFT_Z15
964,DRAFT_Z18
965,DRAFT_Z18
966,DRAFT_Z15
967,DRAFT_Z22
968,DRAFT_Z22
969,DRAFT_Z22
970,DRAFT_Z22
971,DRAFT_Z22
972,DRAFT_Z22
973,DRAFT_Z22
974,DRAFT_Z22
975,DRAFT_Z22
976,DRAFT_Z22
977,DRAFT_Z22
978,DRAFT_Z22
979,DRAFT_Z22
980,DRAFT_Z22
981,DRAFT_Z22
982,DRAFT_Z22
983,DRAFT_Z22
984,DRAFT_Z22
985,DRAFT_Z19
986,DRAFT_Z19
987,DRAFT_Z19
988,DRAFT_Z22
989,DRAFT_Z19
990,DRAFT_Z19
991,DRAFT_Z19
992,
993,DRAFT_Z14
994,DRAFT_Z19
995,DRAFT_Z22
996,DRAFT_Z22
997,DRAFT_Z22
998,DRAFT_Z22
999,DRAFT_Z22
1000,DRAFT_Z14
1001,DRAFT_Z22
1002,DRAFT_Z22
1003,DRAFT_Z22
1004,DRAFT_Z22
1005,DRAFT_Z09
1006,DRAFT_Z14
1007,DRAFT_Z19
1008,DRAFT_Z14
1009,DRAFT_Z14
1010,DRAFT_Z14
1011,DRAFT_Z19
1012,DRAFT_Z14
1013,DRAFT_Z14
1014,DRAFT_Z14
1015,DRAFT_Z14
1016,DRAFT_Z14
1017,DRAFT_Z14
1018,DRAFT_Z09
1019,DRAFT_Z09
1020,DRAFT_Z09
1021,DRAFT_Z09
1022,DRAFT_Z09
1023,DRAFT_Z09
1024,DRAFT_Z09
1025,DRAFT_Z09
1026,DRAFT_Z09
1027,DRAFT_Z09
1028,DRAFT_Z09
1029,DRAFT_Z14
1030,DRAFT_Z09
1031,DRAFT_Z18
1032,DRAFT_Z08
1033,DRAFT_Z08
1034,DRAFT_Z08
1035,DRAFT_Z08
1036,DRAFT_Z08
1037,DRAFT_Z08
1038,DRAFT_Z08
1039,DRAFT_Z08
1040,DRAFT_Z08
1041,DRAFT_Z18
1042,DRAFT_Z18
1043,DRAFT_Z18
1044,DRAFT_Z08
1045,DRAFT_Z08
1046,DRAFT_Z08
1047,DRAFT_Z08
1048,DRAFT_Z08
1049,DRAFT_Z08
1050,DRAFT_Z08
1051,DRAFT_Z18
1052,DRAFT_Z18
1053,DRAFT_Z15
1054,DRAFT_Z15
1055,DRAFT_Z18
1056,DRAFT_Z18
1057,DRAFT_Z15
1058,DRAFT_Z07
1059,DRAFT_Z07
1060,DRAFT_Z07
1061,DRAFT_Z15
1062,DRAFT_Z15
1063,DRAFT_Z15
1064,DRAFT_Z15
1065,DRAFT_Z15
1066,DRAFT_Z07
1067,DRAFT_Z07
1068,DRAFT_Z07
1069,DRAFT_Z07
1070,DRAFT_Z07
1071,DRAFT_Z08
1072,DRAFT_Z08
1073,DRAFT_Z08
1074,DRAFT_Z08
1075,DRAFT_Z08
1076,DRAFT_Z08
1077,DRAFT_Z08
1078,DRAFT_Z08
1079,DRAFT_Z08
1080,DRAFT_Z08
1081,DRAFT_Z08
1082,DRAFT_Z08
1083,DRAFT_Z08
1084,DRAFT_Z08
1085,DRAFT_Z08
1086,DRAFT_Z08
1087,DRAFT_Z08
1088,DRAFT_Z08
1089,DRAFT_Z08
1090,DRAFT_Z08
1091,DRAFT_Z07
1092,DRAFT_Z07
1093,DRAFT_Z07
1094,DRAFT_Z08
1095,DRAFT_Z07
1096,DRAFT_Z07
1097,DRAFT_Z07
1098,DRAFT_Z07
1099,DRAFT_Z07
1100,DRAFT_Z08
1101,DRAFT_Z08
1102,DRAFT_Z08
1103,DRAFT_Z08
1104,DRAFT_Z08
1105,DRAFT_Z08
1106,DRAFT_Z08
1107,DRAFT_Z08
1108,DRAFT_Z08
1109,DRAFT_Z08
1110,DRAFT_Z08
1111,
1112,DRAFT_Z04
1113,
1114,DRAFT_Z04
1115,DRAFT_Z04
1116,DRAFT_Z04
1117,DRAFT_Z04
1118,DRAFT_Z04
1119,DRAFT_Z04
1120,DRAFT_Z04
1121,DRAFT_Z08
1122,DRAFT_Z08
1123,DRAFT_Z08
1124,DRAFT_Z08
1125,DRAFT_Z11
1126,DRAFT_Z19
1127,DRAFT_Z11
1128,DRAFT_Z11
1129,DRAFT_Z11
1130,DRAFT_Z11
1131,DRAFT_Z11
1132,DRAFT_Z11
1133,DRAFT_Z11
1134,DRAFT_Z11
1135,DRAFT_Z15
1136,DRAFT_Z15
1137,DRAFT_Z11
1138,DRAFT_Z11
1139,DRAFT_Z05
1140,DRAFT_Z05
1141,DRAFT_Z05
1142,DRAFT_Z05
1143,DRAFT_Z05
1144,DRAFT_Z05
1145,DRAFT_Z09
1146,DRAFT_Z09
1147,DRAFT_Z09
1148,DRAFT_Z09
1149,DRAFT_Z09
1150,DRAFT_Z09
1151,DRAFT_Z09
1152,DRAFT_Z09
1153,DRAFT_Z09
1154,DRAFT_Z09
1155,DRAFT_Z11
1156,DRAFT_Z09
1157,DRAFT_Z09
1158,DRAFT_Z11
1159,DRAFT_Z09
1160,DRAFT_Z03
1161,DRAFT_Z03
1162,DRAFT_Z03
1163,DRAFT_Z03
1164,DRAFT_Z03
1165,DRAFT_Z07
1166,DRAFT_Z05
1167,DRAFT_Z05
1168,DRAFT_Z05
1169,DRAFT_Z05
1170,DRAFT_Z05
1171,DRAFT_Z05
1172,DRAFT_Z05
1173,DRAFT_Z02
1174,DRAFT_Z02
1175,DRAFT_Z05
1176,DRAFT_Z05
1177,DRAFT_Z05
1178,DRAFT_Z05
1179,DRAFT_Z05
1180,DRAFT_Z05
1181,DRAFT_Z05
1182,DRAFT_Z05
1183,DRAFT_Z05
1184,DRAFT_Z05
1185,DRAFT_Z03
1186,DRAFT_Z03
1187,DRAFT_Z03
1188,DRAFT_Z03
1189,DRAFT_Z03
1190,DRAFT_Z03
1191,DRAFT_Z03
1192,DRAFT_Z03
1193,DRAFT_Z03
1194,DRAFT_Z03
1195,DRAFT_Z05
1196,DRAFT_Z05
1197,DRAFT_Z05
1198,DRAFT_Z05
1199,DRAFT_Z05
1200,DRAFT_Z05
1201,DRAFT_Z05
1202,DRAFT_Z05
1203,DRAFT_Z05
1204,
1205,DRAFT_Z02
1206,DRAFT_Z02
1207,DRAFT_Z04
1208,DRAFT_Z02
1209,DRAFT_Z02
1210,DRAFT_Z02
1211,DRAFT_Z02
1212,DRAFT_Z02
1213,DRAFT_Z02
1214,DRAFT_Z02
1215,DRAFT_Z03
1216,DRAFT_Z03
1217,DRAFT_Z03
1218,DRAFT_Z03
1219,DRAFT_Z01
1220,DRAFT_Z01
1221,DRAFT_Z01
1222,DRAFT_Z01
1223,DRAFT_Z01
1224,DRAFT_Z01
1225,DRAFT_Z09
1226,DRAFT_Z03
1227,DRAFT_Z03
1228,DRAFT_Z03
1229,DRAFT_Z03
1230,DRAFT_Z03
1231,DRAFT_Z01
1232,DRAFT_Z01
1233,DRAFT_Z01
1234,DRAFT_Z01
1235,DRAFT_Z04
1236,
1237,
1238,
1239,
1240,
1241,
1242,DRAFT_Z02
1243,
1244,DRAFT_Z02
1245,DRAFT_Z02
1246,DRAFT_Z02
1247,DRAFT_Z02
1248,DRAFT_Z01
1249,DRAFT_Z02
1250,DRAFT_Z02
1251,DRAFT_Z01
1252,DRAFT_Z02
1253,DRAFT_Z02
1254,DRAFT_Z02
1255,DRAFT_Z02
1256,DRAFT_Z02
1257,
1258,
1259,DRAFT_Z02
1260,DRAFT_Z02
1261,DRAFT_Z02
1262,DRAFT_Z02
1263,DRAFT_Z02
1264,DRAFT_Z02
1265,DRAFT_Z02
1266,DRAFT_Z02
1267,
1268,DRAFT_Z02
1269,
1270,DRAFT_Z01
1271,DRAFT_Z01
1272,DRAFT_Z01
1273,DRAFT_Z01
1274,DRAFT_Z01
1275,DRAFT_Z01
1276,DRAFT_Z01
1277,DRAFT_Z01
1278,DRAFT_Z01
1279,DRAFT_Z01
1280,
1281,
1282,DRAFT_Z02
1283,DRAFT_Z01
1284,DRAFT_Z01
1285,DRAFT_Z01
1286,DRAFT_Z01
1287,DRAFT_Z01
1288,DRAFT_Z01
1289,DRAFT_Z01
1290,DRAFT_Z01
1291,DRAFT_Z01
1292,DRAFT_Z01
1293,DRAFT_Z01
1294,DRAFT_Z01
1295,DRAFT_Z01
1296,
1297,DRAFT_Z01
1298,DRAFT_Z01
1299,DRAFT_Z12
1300,DRAFT_Z13
1301,DRAFT_Z10
1302,DRAFT_Z10
1303,DRAFT_Z10
1304,DRAFT_Z10
1305,DRAFT_Z10
1306,DRAFT_Z10
1307,DRAFT_Z10
1308,DRAFT_Z10
1309,DRAFT_Z10
1310,DRAFT_Z08
1311,DRAFT_Z08
1312,DRAFT_Z10
1313,DRAFT_Z10
1314,DRAFT_Z10
1315,DRAFT_Z10
1316,DRAFT_Z10
1317,DRAFT_Z10
1318,DRAFT_Z10
1319,DRAFT_Z10
1320,DRAFT_Z10
1321,DRAFT_Z10
1322,DRAFT_Z13
1323,DRAFT_Z13
1324,DRAFT_Z13
1325,DRAFT_Z13
1326,DRAFT_Z13
1327,DRAFT_Z13
1328,DRAFT_Z13
1329,DRAFT_Z13
1330,DRAFT_Z13
1331,DRAFT_Z10
1332,DRAFT_Z10
1333,DRAFT_Z10
1334,DRAFT_Z10
1335,DRAFT_Z10
1336,DRAFT_Z10
1337,DRAFT_Z10
1338,DRAFT_Z10
1339,DRAFT_Z10
1340,DRAFT_Z10
1341,DRAFT_Z10
1342,DRAFT_Z10
1343,DRAFT_Z10
1344,DRAFT_Z10
1345,DRAFT_Z10
1346,DRAFT_Z10
1347,DRAFT_Z10
1348,DRAFT_Z10
1349,DRAFT_Z10
1350,DRAFT_Z10
1351,DRAFT_Z08
1352,DRAFT_Z08
1353,DRAFT_Z08
1354,
1355,
1356,DRAFT_Z06
1357,DRAFT_Z06
1358,DRAFT_Z06
1359,DRAFT_Z06
1360,DRAFT_Z08
1361,DRAFT_Z06
1362,DRAFT_Z08
1363,DRAFT_Z06
1364,DRAFT_Z06
1365,DRAFT_Z06
1366,DRAFT_Z06
1367,DRAFT_Z06
1368,DRAFT_Z06
1369,DRAFT_Z06
