zone_id,existing_buildings,existing_far,existing_coverage_ratio,existing_max_height_m,height_limit_m,max_far,max_coverage_ratio,allow_new_building,constraint_status,source,notes
DRAFT_Z01,37,2.9035,0.6027,40.07,40.07,3.0,0.6027,True,research_assumption,auto draft from existing form and scenario defaults; manual review required,Do not treat as statutory planning control.
DRAFT_Z02,33,2.1754,0.567,21.25,36.0,3.0,0.6,True,research_assumption,auto draft from existing form and scenario defaults; manual review required,Do not treat as statutory planning control.
DRAFT_Z03,24,1.7735,0.4531,30.93,36.0,3.0,0.6,True,research_assumption,auto draft from existing form and scenario defaults; manual review required,Do not treat as statutory planning control.
DRAFT_Z04,10,3.5578,0.1573,149.75,149.75,3.5578,0.6,True,research_assumption,auto draft from existing form and scenario defaults; manual review required,Do not treat as statutory planning control.
DRAFT_Z05,32,2.2437,0.5469,39.54,39.54,3.0,0.6,True,research_assumption,auto draft from existing form and scenario defaults; manual review required,Do not treat as statutory planning control.
DRAFT_Z06,12,3.6864,0.3293,81.8,81.8,3.6864,0.6,True,research_assumption,auto draft from existing form and scenario defaults; manual review required,Do not treat as statutory planning control.
DRAFT_Z07,17,0.5214,0.0925,67.72,67.72,3.0,0.6,True,research_assumption,auto draft from existing form and scenario defaults; manual review required,Do not treat as statutory planning control.
DRAFT_Z08,59,4.7848,0.4401,82.53,82.53,4.7848,0.6,True,research_assumption,auto draft from existing form and scenario defaults; manual review required,Do not treat as statutory planning control.
DRAFT_Z09,27,4.0494,0.2677,100.03,100.03,4.0494,0.6,True,research_assumption,auto draft from existing form and scenario defaults; manual review required,Do not treat as statutory planning control.
DRAFT_Z10,53,4.2479,0.3914,72.82,72.82,4.2479,0.6,True,research_assumption,auto draft from existing form and scenario defaults; manual review required,Do not treat as statutory planning control.
DRAFT_Z11,16,2.8135,0.2233,85.45,85.45,3.0,0.6,True,research_assumption,auto draft from existing form and scenario defaults; manual review required,Do not treat as statutory planning control.
DRAFT_Z12,15,2.354,0.5473,20.14,36.0,3.0,0.6,True,research_assumption,auto draft from existing form and scenario defaults; manual review required,Do not treat as statutory planning control.
DRAFT_Z13,52,2.8227,0.4136,89.57,89.57,3.0,0.6,True,research_assumption,auto draft from existing form and scenario defaults; manual review required,Do not treat as statutory planning control.
DRAFT_Z14,13,2.6256,0.2854,52.81,52.81,3.0,0.6,True,research_assumption,auto draft from existing form and scenario defaults; manual review required,Do not treat as statutory planning control.
DRAFT_Z15,39,2.7884,0.2171,95.57,95.57,3.0,0.6,True,research_assumption,auto draft from existing form and scenario defaults; manual review required,Do not treat as statutory planning control.
DRAFT_Z16,29,2.0307,0.5053,35.24,36.0,3.0,0.6,True,research_assumption,auto draft from existing form and scenario defaults; manual review required,Do not treat as statutory planning control.
DRAFT_Z17,6,7.8542,0.2888,102.04,102.04,7.8542,0.6,True,research_assumption,auto draft from existing form and scenario defaults; manual review required,Do not treat as statutory planning control.
DRAFT_Z18,50,4.7247,0.2427,94.83,94.83,4.7247,0.6,True,research_assumption,auto draft from existing form and scenario defaults; manual review required,Do not treat as statutory planning control.
DRAFT_Z19,19,4.1985,0.5157,43.19,43.19,4.1985,0.6,True,research_assumption,auto draft from existing form and scenario defaults; manual review required,Do not treat as statutory planning control.
DRAFT_Z20,31,2.1564,0.4694,23.87,36.0,3.0,0.6,True,research_assumption,auto draft from existing form and scenario defaults; manual review required,Do not treat as statutory planning control.
DRAFT_Z21,4,1.4031,0.2218,28.05,36.0,3.0,0.6,True,research_assumption,auto draft from existing form and scenario defaults; manual review required,Do not treat as statutory planning control.
DRAFT_Z22,45,3.7151,0.3277,77.01,77.01,3.7151,0.6,True,research_assumption,auto draft from existing form and scenario defaults; manual review required,Do not treat as statutory planning control.
DRAFT_Z23,2,0.0405,0.0155,9.22,36.0,3.0,0.6,True,research_assumption,auto draft from existing form and scenario defaults; manual review required,Do not treat as statutory planning control.
DRAFT_Z24,21,4.5818,0.2425,104.9,104.9,4.5818,0.6,True,research_assumption,auto draft from existing form and scenario defaults; manual review required,Do not treat as statutory planning control.
DRAFT_Z25,24,2.3686,0.4034,30.43,36.0,3.0,0.6,True,research_assumption,auto draft from existing form and scenario defaults; manual review required,Do not treat as statutory planning control.
DRAFT_Z26,35,3.6165,0.2757,86.25,86.25,3.6165,0.6,True,research_assumption,auto draft from existing form and scenario defaults; manual review required,Do not treat as statutory planning control.
DRAFT_Z27,17,4.0477,0.3611,74.61,74.61,4.0477,0.6,True,research_assumption,auto draft from existing form and scenario defaults; manual review required,Do not treat as statutory planning control.
DRAFT_Z28,24,2.6076,0.4093,42.36,42.36,3.0,0.6,True,research_assumption,auto draft from existing form and scenario defaults; manual review required,Do not treat as statutory planning control.
DRAFT_Z29,5,0.7511,0.0469,83.36,83.36,3.0,0.6,True,research_assumption,auto draft from existing form and scenario defaults; manual review required,Do not treat as statutory planning control.
DRAFT_Z30,83,3.9264,0.4404,71.23,71.23,3.9264,0.6,True,research_assumption,auto draft from existing form and scenario defaults; manual review required,Do not treat as statutory planning control.
DRAFT_Z31,128,2.5295,0.3028,84.17,84.17,3.0,0.6,True,research_assumption,auto draft from existing form and scenario defaults; manual review required,Do not treat as statutory planning control.
DRAFT_Z32,88,2.5993,0.3281,75.97,75.97,3.0,0.6,True,research_assumption,auto draft from existing form and scenario defaults; manual review required,Do not treat as statutory planning control.
DRAFT_Z33,114,4.5985,0.2881,176.14,176.14,4.5985,0.6,True,research_assumption,auto draft from existing form and scenario defaults; manual review required,Do not treat as statutory planning control.
DRAFT_Z34,46,5.1056,0.3029,99.48,99.48,5.1056,0.6,True,research_assumption,auto draft from existing form and scenario defaults; manual review required,Do not treat as statutory planning control.
DRAFT_Z35,27,3.9749,0.3113,69.31,69.31,3.9749,0.6,True,research_assumption,auto draft from existing form and scenario defaults; manual review required,Do not treat as statutory planning control.
DRAFT_Z36,1,0.0564,0.0111,17.73,36.0,3.0,0.6,True,research_assumption,auto draft from existing form and scenario defaults; manual review required,Do not treat as statutory planning control.
DRAFT_Z37,50,2.6574,0.3717,48.64,48.64,3.0,0.6,True,research_assumption,auto draft from existing form and scenario defaults; manual review required,Do not treat as statutory planning control.
DRAFT_Z38,50,2.6198,0.234,91.57,91.57,3.0,0.6,True,research_assumption,auto draft from existing form and scenario defaults; manual review required,Do not treat as statutory planning control.
